{
  "getUserOrganisationList" : {
    "transaction" : "getUserOrganisationList",
    "sampleCount" : 2,
    "errorCount" : 0,
    "errorPct" : 0.0,
    "meanResTime" : 1457.0,
    "medianResTime" : 1457.0,
    "minResTime" : 730.0,
    "maxResTime" : 2184.0,
    "pct1ResTime" : 2184.0,
    "pct2ResTime" : 2184.0,
    "pct3ResTime" : 2184.0,
    "throughput" : 0.20671834625322996,
    "receivedKBytesPerSec" : 0.5559593023255813,
    "sentKBytesPerSec" : 0.6241925064599483
  },
  "updateProfile" : {
    "transaction" : "updateProfile",
    "sampleCount" : 2,
    "errorCount" : 2,
    "errorPct" : 100.0,
    "meanResTime" : 8934.5,
    "medianResTime" : 8934.5,
    "minResTime" : 5850.0,
    "maxResTime" : 12019.0,
    "pct1ResTime" : 12019.0,
    "pct2ResTime" : 12019.0,
    "pct3ResTime" : 12019.0,
    "throughput" : 0.1345985597954102,
    "receivedKBytesPerSec" : 29.499430059223368,
    "sentKBytesPerSec" : 0.4484866074433004
  },
  "getUser" : {
    "transaction" : "getUser",
    "sampleCount" : 2,
    "errorCount" : 0,
    "errorPct" : 0.0,
    "meanResTime" : 1019.0,
    "medianResTime" : 1019.0,
    "minResTime" : 984.0,
    "maxResTime" : 1054.0,
    "pct1ResTime" : 1054.0,
    "pct2ResTime" : 1054.0,
    "pct3ResTime" : 1054.0,
    "throughput" : 0.20014009806864805,
    "receivedKBytesPerSec" : 0.14639153657560292,
    "sentKBytesPerSec" : 0.6090200640448313
  },
  "DASHBOARD_USER" : {
    "transaction" : "DASHBOARD_USER",
    "sampleCount" : 2,
    "errorCount" : 0,
    "errorPct" : 0.0,
    "meanResTime" : 1424.5,
    "medianResTime" : 1424.5,
    "minResTime" : 1035.0,
    "maxResTime" : 1814.0,
    "pct1ResTime" : 1814.0,
    "pct2ResTime" : 1814.0,
    "pct3ResTime" : 1814.0,
    "throughput" : 0.21417862497322768,
    "receivedKBytesPerSec" : 0.28612925680017137,
    "sentKBytesPerSec" : 0.779744056543157
  },
  "RTPhases" : {
    "transaction" : "RTPhases",
    "sampleCount" : 12,
    "errorCount" : 8,
    "errorPct" : 66.666664,
    "meanResTime" : 16264.333333333332,
    "medianResTime" : 12062.0,
    "minResTime" : 1173.0,
    "maxResTime" : 37204.0,
    "pct1ResTime" : 35986.9,
    "pct2ResTime" : 37204.0,
    "pct3ResTime" : 37204.0,
    "throughput" : 0.18694500701043776,
    "receivedKBytesPerSec" : 26.519597581398973,
    "sentKBytesPerSec" : 0.5487858311263437
  },
  "myActionStatus" : {
    "transaction" : "myActionStatus",
    "sampleCount" : 9,
    "errorCount" : 4,
    "errorPct" : 44.444443,
    "meanResTime" : 6425.666666666667,
    "medianResTime" : 725.0,
    "minResTime" : 540.0,
    "maxResTime" : 18944.0,
    "pct1ResTime" : 18944.0,
    "pct2ResTime" : 18944.0,
    "pct3ResTime" : 18944.0,
    "throughput" : 0.294415911544375,
    "receivedKBytesPerSec" : 28.278271339019923,
    "sentKBytesPerSec" : 0.9306877985050215
  },
  "getUnreadNotificationCount" : {
    "transaction" : "getUnreadNotificationCount",
    "sampleCount" : 2,
    "errorCount" : 0,
    "errorPct" : 0.0,
    "meanResTime" : 384.5,
    "medianResTime" : 384.5,
    "minResTime" : 381.0,
    "maxResTime" : 388.0,
    "pct1ResTime" : 388.0,
    "pct2ResTime" : 388.0,
    "pct3ResTime" : 388.0,
    "throughput" : 0.2144542140253056,
    "receivedKBytesPerSec" : 0.16963663414111085,
    "sentKBytesPerSec" : 0.6326818169633283
  },
  "Total" : {
    "transaction" : "Total",
    "sampleCount" : 68,
    "errorCount" : 34,
    "errorPct" : 50.0,
    "meanResTime" : 8623.823529411764,
    "medianResTime" : 3760.5,
    "minResTime" : 381.0,
    "maxResTime" : 37204.0,
    "pct1ResTime" : 24086.4,
    "pct2ResTime" : 28845.899999999987,
    "pct3ResTime" : 37204.0,
    "throughput" : 1.0004708097928436,
    "receivedKBytesPerSec" : 108.42786311205272,
    "sentKBytesPerSec" : 3.2632256631797314
  },
  "me" : {
    "transaction" : "me",
    "sampleCount" : 10,
    "errorCount" : 6,
    "errorPct" : 60.0,
    "meanResTime" : 10976.5,
    "medianResTime" : 14961.5,
    "minResTime" : 1057.0,
    "maxResTime" : 19812.0,
    "pct1ResTime" : 19742.8,
    "pct2ResTime" : 19812.0,
    "pct3ResTime" : 19812.0,
    "throughput" : 0.26644640430577393,
    "receivedKBytesPerSec" : 35.4003711098825,
    "sentKBytesPerSec" : 0.8737568609949109
  },
  "RTCycle" : {
    "transaction" : "RTCycle",
    "sampleCount" : 11,
    "errorCount" : 7,
    "errorPct" : 63.636364,
    "meanResTime" : 9587.181818181818,
    "medianResTime" : 8595.0,
    "minResTime" : 570.0,
    "maxResTime" : 24117.0,
    "pct1ResTime" : 22942.000000000004,
    "pct2ResTime" : 24117.0,
    "pct3ResTime" : 24117.0,
    "throughput" : 0.19779192289711223,
    "receivedKBytesPerSec" : 26.92393383410652,
    "sentKBytesPerSec" : 0.598204673058942
  },
  "myActions" : {
    "transaction" : "myActions",
    "sampleCount" : 4,
    "errorCount" : 2,
    "errorPct" : 50.0,
    "meanResTime" : 6112.25,
    "medianResTime" : 5720.5,
    "minResTime" : 583.0,
    "maxResTime" : 12425.0,
    "pct1ResTime" : 12425.0,
    "pct2ResTime" : 12425.0,
    "pct3ResTime" : 12425.0,
    "throughput" : 0.13821222487128984,
    "receivedKBytesPerSec" : 14.892029797691857,
    "sentKBytesPerSec" : 0.4234099115441761
  },
  "getUserData" : {
    "transaction" : "getUserData",
    "sampleCount" : 2,
    "errorCount" : 0,
    "errorPct" : 0.0,
    "meanResTime" : 1607.0,
    "medianResTime" : 1607.0,
    "minResTime" : 909.0,
    "maxResTime" : 2305.0,
    "pct1ResTime" : 2305.0,
    "pct2ResTime" : 2305.0,
    "pct3ResTime" : 2305.0,
    "throughput" : 0.38872691933916426,
    "receivedKBytesPerSec" : 0.42175352283770656,
    "sentKBytesPerSec" : 1.577305029154519
  },
  "GET_SELF_ASSESSMENT" : {
    "transaction" : "GET_SELF_ASSESSMENT",
    "sampleCount" : 10,
    "errorCount" : 5,
    "errorPct" : 50.0,
    "meanResTime" : 6409.1,
    "medianResTime" : 3275.5,
    "minResTime" : 578.0,
    "maxResTime" : 24326.0,
    "pct1ResTime" : 23076.600000000006,
    "pct2ResTime" : 24326.0,
    "pct3ResTime" : 24326.0,
    "throughput" : 0.33424694164048396,
    "receivedKBytesPerSec" : 36.57820307799653,
    "sentKBytesPerSec" : 1.3275217887225081
  }
}