{
  "myActionStatus" : {
    "transaction" : "myActionStatus",
    "sampleCount" : 2,
    "errorCount" : 1,
    "errorPct" : 50.0,
    "meanResTime" : 4451.5,
    "medianResTime" : 4451.5,
    "minResTime" : 619.0,
    "maxResTime" : 8284.0,
    "pct1ResTime" : 8284.0,
    "pct2ResTime" : 8284.0,
    "pct3ResTime" : 8284.0,
    "throughput" : 0.24142926122646063,
    "receivedKBytesPerSec" : 26.396069418457266,
    "sentKBytesPerSec" : 0.7631899595605987
  },
  "getUserOrganisationList" : {
    "transaction" : "getUserOrganisationList",
    "sampleCount" : 1,
    "errorCount" : 1,
    "errorPct" : 100.0,
    "meanResTime" : 845.0,
    "medianResTime" : 845.0,
    "minResTime" : 845.0,
    "maxResTime" : 845.0,
    "pct1ResTime" : 845.0,
    "pct2ResTime" : 845.0,
    "pct3ResTime" : 845.0,
    "throughput" : 1.183431952662722,
    "receivedKBytesPerSec" : 0.7038184171597633,
    "sentKBytesPerSec" : 3.5734097633136095
  },
  "Total" : {
    "transaction" : "Total",
    "sampleCount" : 16,
    "errorCount" : 7,
    "errorPct" : 43.75,
    "meanResTime" : 5549.375000000001,
    "medianResTime" : 1608.0,
    "minResTime" : 528.0,
    "maxResTime" : 20611.0,
    "pct1ResTime" : 18981.4,
    "pct2ResTime" : 20611.0,
    "pct3ResTime" : 20611.0,
    "throughput" : 0.7762091883762674,
    "receivedKBytesPerSec" : 63.71211621610149,
    "sentKBytesPerSec" : 2.4874794577451125
  },
  "me" : {
    "transaction" : "me",
    "sampleCount" : 2,
    "errorCount" : 1,
    "errorPct" : 50.0,
    "meanResTime" : 4109.5,
    "medianResTime" : 4109.5,
    "minResTime" : 778.0,
    "maxResTime" : 7441.0,
    "pct1ResTime" : 7441.0,
    "pct2ResTime" : 7441.0,
    "pct3ResTime" : 7441.0,
    "throughput" : 0.268781077812122,
    "receivedKBytesPerSec" : 29.887327182166377,
    "sentKBytesPerSec" : 0.8814129485284237
  },
  "DASHBOARD_USER" : {
    "transaction" : "DASHBOARD_USER",
    "sampleCount" : 1,
    "errorCount" : 0,
    "errorPct" : 0.0,
    "meanResTime" : 1407.0,
    "medianResTime" : 1407.0,
    "minResTime" : 1407.0,
    "maxResTime" : 1407.0,
    "pct1ResTime" : 1407.0,
    "pct2ResTime" : 1407.0,
    "pct3ResTime" : 1407.0,
    "throughput" : 0.7107320540156361,
    "receivedKBytesPerSec" : 0.44073716240227434,
    "sentKBytesPerSec" : 2.587508884150675
  },
  "RTCycle" : {
    "transaction" : "RTCycle",
    "sampleCount" : 2,
    "errorCount" : 0,
    "errorPct" : 0.0,
    "meanResTime" : 935.5,
    "medianResTime" : 935.5,
    "minResTime" : 916.0,
    "maxResTime" : 955.0,
    "pct1ResTime" : 955.0,
    "pct2ResTime" : 955.0,
    "pct3ResTime" : 955.0,
    "throughput" : 0.31515915537346356,
    "receivedKBytesPerSec" : 0.24683363536085723,
    "sentKBytesPerSec" : 0.9531717814371258
  },
  "myActions" : {
    "transaction" : "myActions",
    "sampleCount" : 1,
    "errorCount" : 0,
    "errorPct" : 0.0,
    "meanResTime" : 528.0,
    "medianResTime" : 528.0,
    "minResTime" : 528.0,
    "maxResTime" : 528.0,
    "pct1ResTime" : 528.0,
    "pct2ResTime" : 528.0,
    "pct3ResTime" : 528.0,
    "throughput" : 1.893939393939394,
    "receivedKBytesPerSec" : 1.5036843039772727,
    "sentKBytesPerSec" : 5.802038944128787
  },
  "RTPhases" : {
    "transaction" : "RTPhases",
    "sampleCount" : 5,
    "errorCount" : 4,
    "errorPct" : 80.0,
    "meanResTime" : 12760.2,
    "medianResTime" : 15498.0,
    "minResTime" : 1990.0,
    "maxResTime" : 20611.0,
    "pct1ResTime" : 20611.0,
    "pct2ResTime" : 20611.0,
    "pct3ResTime" : 20611.0,
    "throughput" : 0.24256537136758355,
    "receivedKBytesPerSec" : 41.92979324334158,
    "sentKBytesPerSec" : 0.7120620179013244
  },
  "GET_SELF_ASSESSMENT" : {
    "transaction" : "GET_SELF_ASSESSMENT",
    "sampleCount" : 2,
    "errorCount" : 0,
    "errorPct" : 0.0,
    "meanResTime" : 1608.0,
    "medianResTime" : 1608.0,
    "minResTime" : 1543.0,
    "maxResTime" : 1673.0,
    "pct1ResTime" : 1673.0,
    "pct2ResTime" : 1673.0,
    "pct3ResTime" : 1673.0,
    "throughput" : 0.7104795737122558,
    "receivedKBytesPerSec" : 1.5513987566607461,
    "sentKBytesPerSec" : 2.821797291296625
  }
}