{
  "myActionStatus" : {
    "transaction" : "myActionStatus",
    "sampleCount" : 1,
    "errorCount" : 0,
    "errorPct" : 0.0,
    "meanResTime" : 591.0,
    "medianResTime" : 591.0,
    "minResTime" : 591.0,
    "maxResTime" : 591.0,
    "pct1ResTime" : 591.0,
    "pct2ResTime" : 591.0,
    "pct3ResTime" : 591.0,
    "throughput" : 1.6920473773265652,
    "receivedKBytesPerSec" : 1.6342137267343486,
    "sentKBytesPerSec" : 5.348786484771574
  },
  "getUserOrganisationList" : {
    "transaction" : "getUserOrganisationList",
    "sampleCount" : 1,
    "errorCount" : 0,
    "errorPct" : 0.0,
    "meanResTime" : 2265.0,
    "medianResTime" : 2265.0,
    "minResTime" : 2265.0,
    "maxResTime" : 2265.0,
    "pct1ResTime" : 2265.0,
    "pct2ResTime" : 2265.0,
    "pct3ResTime" : 2265.0,
    "throughput" : 0.44150110375275936,
    "receivedKBytesPerSec" : 1.1895522902869757,
    "sentKBytesPerSec" : 1.3331263796909492
  },
  "Total" : {
    "transaction" : "Total",
    "sampleCount" : 48,
    "errorCount" : 25,
    "errorPct" : 52.083332,
    "meanResTime" : 11779.333333333336,
    "medianResTime" : 5547.5,
    "minResTime" : 579.0,
    "maxResTime" : 40627.0,
    "pct1ResTime" : 33460.4,
    "pct2ResTime" : 38629.8,
    "pct3ResTime" : 40627.0,
    "throughput" : 0.9147561603110171,
    "receivedKBytesPerSec" : 103.25233855387533,
    "sentKBytesPerSec" : 2.917944109351476
  },
  "me" : {
    "transaction" : "me",
    "sampleCount" : 11,
    "errorCount" : 8,
    "errorPct" : 72.72727,
    "meanResTime" : 13257.18181818182,
    "medianResTime" : 10050.0,
    "minResTime" : 1581.0,
    "maxResTime" : 38566.0,
    "pct1ResTime" : 35429.60000000001,
    "pct2ResTime" : 38566.0,
    "pct3ResTime" : 38566.0,
    "throughput" : 0.263915547024952,
    "receivedKBytesPerSec" : 41.91311124190259,
    "sentKBytesPerSec" : 0.8654574286228407
  },
  "DASHBOARD_USER" : {
    "transaction" : "DASHBOARD_USER",
    "sampleCount" : 1,
    "errorCount" : 0,
    "errorPct" : 0.0,
    "meanResTime" : 753.0,
    "medianResTime" : 753.0,
    "minResTime" : 753.0,
    "maxResTime" : 753.0,
    "pct1ResTime" : 753.0,
    "pct2ResTime" : 753.0,
    "pct3ResTime" : 753.0,
    "throughput" : 1.3280212483399734,
    "receivedKBytesPerSec" : 0.8235288014608234,
    "sentKBytesPerSec" : 4.834827357237716
  },
  "RTCycle" : {
    "transaction" : "RTCycle",
    "sampleCount" : 12,
    "errorCount" : 6,
    "errorPct" : 50.0,
    "meanResTime" : 8795.666666666666,
    "medianResTime" : 4545.5,
    "minResTime" : 579.0,
    "maxResTime" : 33388.0,
    "pct1ResTime" : 30196.00000000001,
    "pct2ResTime" : 33388.0,
    "pct3ResTime" : 33388.0,
    "throughput" : 0.35825173155003587,
    "receivedKBytesPerSec" : 38.603723205755905,
    "sentKBytesPerSec" : 1.0835015748149033
  },
  "myActions" : {
    "transaction" : "myActions",
    "sampleCount" : 1,
    "errorCount" : 0,
    "errorPct" : 0.0,
    "meanResTime" : 909.0,
    "medianResTime" : 909.0,
    "minResTime" : 909.0,
    "maxResTime" : 909.0,
    "pct1ResTime" : 909.0,
    "pct2ResTime" : 909.0,
    "pct3ResTime" : 909.0,
    "throughput" : 1.1001100110011,
    "receivedKBytesPerSec" : 0.8734271864686468,
    "sentKBytesPerSec" : 3.3701612348734873
  },
  "RTPhases" : {
    "transaction" : "RTPhases",
    "sampleCount" : 15,
    "errorCount" : 5,
    "errorPct" : 33.333332,
    "meanResTime" : 10883.666666666666,
    "medianResTime" : 2775.0,
    "minResTime" : 1581.0,
    "maxResTime" : 38682.0,
    "pct1ResTime" : 35940.0,
    "pct2ResTime" : 38682.0,
    "pct3ResTime" : 38682.0,
    "throughput" : 0.38772714348489157,
    "receivedKBytesPerSec" : 27.927057215602144,
    "sentKBytesPerSec" : 1.1381912044097502
  },
  "GET_SELF_ASSESSMENT" : {
    "transaction" : "GET_SELF_ASSESSMENT",
    "sampleCount" : 6,
    "errorCount" : 6,
    "errorPct" : 100.0,
    "meanResTime" : 24376.333333333336,
    "medianResTime" : 26110.5,
    "minResTime" : 5411.0,
    "maxResTime" : 40627.0,
    "pct1ResTime" : 40627.0,
    "pct2ResTime" : 40627.0,
    "pct3ResTime" : 40627.0,
    "throughput" : 0.1325849648649843,
    "receivedKBytesPerSec" : 28.560191157135282,
    "sentKBytesPerSec" : 0.5265850118221594
  }
}