{
  "myActionStatus" : {
    "transaction" : "myActionStatus",
    "sampleCount" : 2,
    "errorCount" : 2,
    "errorPct" : 100.0,
    "meanResTime" : 13878.5,
    "medianResTime" : 13878.5,
    "minResTime" : 12514.0,
    "maxResTime" : 15243.0,
    "pct1ResTime" : 15243.0,
    "pct2ResTime" : 15243.0,
    "pct3ResTime" : 15243.0,
    "throughput" : 0.0879855703664599,
    "receivedKBytesPerSec" : 18.91621024152039,
    "sentKBytesPerSec" : 0.278134073511944
  },
  "Total" : {
    "transaction" : "Total",
    "sampleCount" : 15,
    "errorCount" : 12,
    "errorPct" : 80.0,
    "meanResTime" : 13565.4,
    "medianResTime" : 12733.0,
    "minResTime" : 804.0,
    "maxResTime" : 40962.0,
    "pct1ResTime" : 36250.200000000004,
    "pct2ResTime" : 40962.0,
    "pct3ResTime" : 40962.0,
    "throughput" : 0.30441400304414007,
    "receivedKBytesPerSec" : 52.672203989091834,
    "sentKBytesPerSec" : 0.9659991755454085
  },
  "me" : {
    "transaction" : "me",
    "sampleCount" : 2,
    "errorCount" : 1,
    "errorPct" : 50.0,
    "meanResTime" : 2934.0,
    "medianResTime" : 2934.0,
    "minResTime" : 804.0,
    "maxResTime" : 5064.0,
    "pct1ResTime" : 5064.0,
    "pct2ResTime" : 5064.0,
    "pct3ResTime" : 5064.0,
    "throughput" : 0.13766519823788548,
    "receivedKBytesPerSec" : 15.376758995560296,
    "sentKBytesPerSec" : 0.4514450543777533
  },
  "RTCycle" : {
    "transaction" : "RTCycle",
    "sampleCount" : 4,
    "errorCount" : 4,
    "errorPct" : 100.0,
    "meanResTime" : 18864.25,
    "medianResTime" : 19796.5,
    "minResTime" : 2755.0,
    "maxResTime" : 33109.0,
    "pct1ResTime" : 33109.0,
    "pct2ResTime" : 33109.0,
    "pct3ResTime" : 33109.0,
    "throughput" : 0.10410160316468874,
    "receivedKBytesPerSec" : 22.208003136060796,
    "sentKBytesPerSec" : 0.31484635254007914
  },
  "RTPhases" : {
    "transaction" : "RTPhases",
    "sampleCount" : 5,
    "errorCount" : 3,
    "errorPct" : 60.0,
    "meanResTime" : 13137.8,
    "medianResTime" : 6277.0,
    "minResTime" : 1379.0,
    "maxResTime" : 40962.0,
    "pct1ResTime" : 40962.0,
    "pct2ResTime" : 40962.0,
    "pct3ResTime" : 40962.0,
    "throughput" : 0.11373200191069764,
    "receivedKBytesPerSec" : 14.748108494643223,
    "sentKBytesPerSec" : 0.33386562279644244
  },
  "GET_SELF_ASSESSMENT" : {
    "transaction" : "GET_SELF_ASSESSMENT",
    "sampleCount" : 2,
    "errorCount" : 2,
    "errorPct" : 100.0,
    "meanResTime" : 14355.0,
    "medianResTime" : 14355.0,
    "minResTime" : 13366.0,
    "maxResTime" : 15344.0,
    "pct1ResTime" : 15344.0,
    "pct2ResTime" : 15344.0,
    "pct3ResTime" : 15344.0,
    "throughput" : 0.08760019272042399,
    "receivedKBytesPerSec" : 19.28752641693312,
    "sentKBytesPerSec" : 0.3479199060487933
  }
}