{
  "getUserOrganisationList" : {
    "transaction" : "getUserOrganisationList",
    "sampleCount" : 8,
    "errorCount" : 3,
    "errorPct" : 37.5,
    "meanResTime" : 1595.375,
    "medianResTime" : 975.5,
    "minResTime" : 693.0,
    "maxResTime" : 5042.0,
    "pct1ResTime" : 5042.0,
    "pct2ResTime" : 5042.0,
    "pct3ResTime" : 5042.0,
    "throughput" : 0.28128406174185155,
    "receivedKBytesPerSec" : 0.5363350884286769,
    "sentKBytesPerSec" : 0.8493460145564502
  },
  "updateProfile" : {
    "transaction" : "updateProfile",
    "sampleCount" : 7,
    "errorCount" : 6,
    "errorPct" : 85.71429,
    "meanResTime" : 10112.857142857143,
    "medianResTime" : 11024.0,
    "minResTime" : 587.0,
    "maxResTime" : 14753.0,
    "pct1ResTime" : 14753.0,
    "pct2ResTime" : 14753.0,
    "pct3ResTime" : 14753.0,
    "throughput" : 0.2098950524737631,
    "receivedKBytesPerSec" : 39.27634815404797,
    "sentKBytesPerSec" : 0.6993768740629684
  },
  "getUser" : {
    "transaction" : "getUser",
    "sampleCount" : 8,
    "errorCount" : 0,
    "errorPct" : 0.0,
    "meanResTime" : 930.2500000000001,
    "medianResTime" : 941.5,
    "minResTime" : 770.0,
    "maxResTime" : 1048.0,
    "pct1ResTime" : 1048.0,
    "pct2ResTime" : 1048.0,
    "pct3ResTime" : 1048.0,
    "throughput" : 0.3148862473431473,
    "receivedKBytesPerSec" : 0.22155814571361096,
    "sentKBytesPerSec" : 0.9581890104699677
  },
  "DASHBOARD_USER" : {
    "transaction" : "DASHBOARD_USER",
    "sampleCount" : 8,
    "errorCount" : 0,
    "errorPct" : 0.0,
    "meanResTime" : 1026.625,
    "medianResTime" : 875.5,
    "minResTime" : 801.0,
    "maxResTime" : 1901.0,
    "pct1ResTime" : 1901.0,
    "pct2ResTime" : 1901.0,
    "pct3ResTime" : 1901.0,
    "throughput" : 0.28432313324092834,
    "receivedKBytesPerSec" : 0.2780757987703024,
    "sentKBytesPerSec" : 1.0351139069552546
  },
  "RTPhases" : {
    "transaction" : "RTPhases",
    "sampleCount" : 18,
    "errorCount" : 11,
    "errorPct" : 61.11111,
    "meanResTime" : 11609.055555555557,
    "medianResTime" : 7141.0,
    "minResTime" : 1224.0,
    "maxResTime" : 33054.0,
    "pct1ResTime" : 29561.100000000006,
    "pct2ResTime" : 33054.0,
    "pct3ResTime" : 33054.0,
    "throughput" : 0.26484999190736136,
    "receivedKBytesPerSec" : 34.520650252711036,
    "sentKBytesPerSec" : 0.77747956608743
  },
  "myActionStatus" : {
    "transaction" : "myActionStatus",
    "sampleCount" : 11,
    "errorCount" : 3,
    "errorPct" : 27.272728,
    "meanResTime" : 3969.4545454545455,
    "medianResTime" : 830.0,
    "minResTime" : 566.0,
    "maxResTime" : 17175.0,
    "pct1ResTime" : 16577.800000000003,
    "pct2ResTime" : 17175.0,
    "pct3ResTime" : 17175.0,
    "throughput" : 0.18159606431802422,
    "receivedKBytesPerSec" : 10.723196008188332,
    "sentKBytesPerSec" : 0.5740492775365669
  },
  "getUnreadNotificationCount" : {
    "transaction" : "getUnreadNotificationCount",
    "sampleCount" : 8,
    "errorCount" : 0,
    "errorPct" : 0.0,
    "meanResTime" : 641.625,
    "medianResTime" : 467.5,
    "minResTime" : 377.0,
    "maxResTime" : 1538.0,
    "pct1ResTime" : 1538.0,
    "pct2ResTime" : 1538.0,
    "pct3ResTime" : 1538.0,
    "throughput" : 0.32075698648811196,
    "receivedKBytesPerSec" : 0.2646088518904615,
    "sentKBytesPerSec" : 0.9462957579888537
  },
  "Total" : {
    "transaction" : "Total",
    "sampleCount" : 125,
    "errorCount" : 51,
    "errorPct" : 40.8,
    "meanResTime" : 6655.528000000002,
    "medianResTime" : 1387.0,
    "minResTime" : 377.0,
    "maxResTime" : 33054.0,
    "pct1ResTime" : 20023.8,
    "pct2ResTime" : 22990.19999999999,
    "pct3ResTime" : 32502.279999999988,
    "throughput" : 1.8392360549122315,
    "receivedKBytesPerSec" : 154.18265556718362,
    "sentKBytesPerSec" : 5.944612095919839
  },
  "me" : {
    "transaction" : "me",
    "sampleCount" : 14,
    "errorCount" : 6,
    "errorPct" : 42.857143,
    "meanResTime" : 8580.142857142857,
    "medianResTime" : 3163.5,
    "minResTime" : 873.0,
    "maxResTime" : 30932.0,
    "pct1ResTime" : 27101.5,
    "pct2ResTime" : 30932.0,
    "pct3ResTime" : 30932.0,
    "throughput" : 0.22744996100857812,
    "receivedKBytesPerSec" : 22.540709989114895,
    "sentKBytesPerSec" : 0.7458759463543021
  },
  "RTCycle" : {
    "transaction" : "RTCycle",
    "sampleCount" : 17,
    "errorCount" : 12,
    "errorPct" : 70.588234,
    "meanResTime" : 12654.941176470587,
    "medianResTime" : 17067.0,
    "minResTime" : 536.0,
    "maxResTime" : 26600.0,
    "pct1ResTime" : 23187.999999999996,
    "pct2ResTime" : 26600.0,
    "pct3ResTime" : 26600.0,
    "throughput" : 0.27819598088629965,
    "receivedKBytesPerSec" : 42.141033856041766,
    "sentKBytesPerSec" : 0.8413798367235059
  },
  "myActions" : {
    "transaction" : "myActions",
    "sampleCount" : 10,
    "errorCount" : 6,
    "errorPct" : 60.0,
    "meanResTime" : 8083.7,
    "medianResTime" : 8646.5,
    "minResTime" : 569.0,
    "maxResTime" : 19832.0,
    "pct1ResTime" : 19366.0,
    "pct2ResTime" : 19832.0,
    "pct3ResTime" : 19832.0,
    "throughput" : 0.19347224640625302,
    "receivedKBytesPerSec" : 24.866020469363672,
    "sentKBytesPerSec" : 0.592697692359781
  },
  "getUserData" : {
    "transaction" : "getUserData",
    "sampleCount" : 4,
    "errorCount" : 0,
    "errorPct" : 0.0,
    "meanResTime" : 811.75,
    "medianResTime" : 824.5,
    "minResTime" : 725.0,
    "maxResTime" : 873.0,
    "pct1ResTime" : 873.0,
    "pct2ResTime" : 873.0,
    "pct3ResTime" : 873.0,
    "throughput" : 0.30250321409664976,
    "receivedKBytesPerSec" : 0.2578958065491946,
    "sentKBytesPerSec" : 1.2274422407925583
  },
  "GET_SELF_ASSESSMENT" : {
    "transaction" : "GET_SELF_ASSESSMENT",
    "sampleCount" : 12,
    "errorCount" : 4,
    "errorPct" : 33.333332,
    "meanResTime" : 4636.083333333333,
    "medianResTime" : 866.5,
    "minResTime" : 589.0,
    "maxResTime" : 19373.0,
    "pct1ResTime" : 18801.800000000003,
    "pct2ResTime" : 19373.0,
    "pct3ResTime" : 19373.0,
    "throughput" : 0.25508035031034776,
    "receivedKBytesPerSec" : 18.84680100012754,
    "sentKBytesPerSec" : 1.0130974460079927
  }
}