{
  "getUserOrganisationList" : {
    "transaction" : "getUserOrganisationList",
    "sampleCount" : 7,
    "errorCount" : 2,
    "errorPct" : 28.571428,
    "meanResTime" : 954.4285714285714,
    "medianResTime" : 747.0,
    "minResTime" : 701.0,
    "maxResTime" : 2071.0,
    "pct1ResTime" : 2071.0,
    "pct2ResTime" : 2071.0,
    "pct3ResTime" : 2071.0,
    "throughput" : 0.38333059525765295,
    "receivedKBytesPerSec" : 0.80275886794261,
    "sentKBytesPerSec" : 1.1574787114615848
  },
  "updateProfile" : {
    "transaction" : "updateProfile",
    "sampleCount" : 5,
    "errorCount" : 3,
    "errorPct" : 60.0,
    "meanResTime" : 4439.8,
    "medianResTime" : 4047.0,
    "minResTime" : 576.0,
    "maxResTime" : 8267.0,
    "pct1ResTime" : 8267.0,
    "pct2ResTime" : 8267.0,
    "pct3ResTime" : 8267.0,
    "throughput" : 0.37260600640882335,
    "receivedKBytesPerSec" : 47.81612126462478,
    "sentKBytesPerSec" : 1.2415348572918996
  },
  "getUser" : {
    "transaction" : "getUser",
    "sampleCount" : 6,
    "errorCount" : 0,
    "errorPct" : 0.0,
    "meanResTime" : 825.1666666666667,
    "medianResTime" : 830.5,
    "minResTime" : 763.0,
    "maxResTime" : 898.0,
    "pct1ResTime" : 898.0,
    "pct2ResTime" : 898.0,
    "pct3ResTime" : 898.0,
    "throughput" : 0.3278509371072619,
    "receivedKBytesPerSec" : 0.22763868777662424,
    "sentKBytesPerSec" : 0.9976401562756134
  },
  "DASHBOARD_USER" : {
    "transaction" : "DASHBOARD_USER",
    "sampleCount" : 8,
    "errorCount" : 0,
    "errorPct" : 0.0,
    "meanResTime" : 1182.75,
    "medianResTime" : 879.0,
    "minResTime" : 743.0,
    "maxResTime" : 1800.0,
    "pct1ResTime" : 1800.0,
    "pct2ResTime" : 1800.0,
    "pct3ResTime" : 1800.0,
    "throughput" : 0.4359435453108822,
    "receivedKBytesPerSec" : 0.46537186324995916,
    "sentKBytesPerSec" : 1.5871069696474307
  },
  "RTPhases" : {
    "transaction" : "RTPhases",
    "sampleCount" : 17,
    "errorCount" : 13,
    "errorPct" : 76.47059,
    "meanResTime" : 16143.70588235294,
    "medianResTime" : 16288.0,
    "minResTime" : 1202.0,
    "maxResTime" : 40775.0,
    "pct1ResTime" : 35074.99999999999,
    "pct2ResTime" : 40775.0,
    "pct3ResTime" : 40775.0,
    "throughput" : 0.25759917568263785,
    "receivedKBytesPerSec" : 42.260233884898625,
    "sentKBytesPerSec" : 0.7561944551777434
  },
  "myActionStatus" : {
    "transaction" : "myActionStatus",
    "sampleCount" : 13,
    "errorCount" : 6,
    "errorPct" : 46.153847,
    "meanResTime" : 5311.846153846154,
    "medianResTime" : 880.0,
    "minResTime" : 582.0,
    "maxResTime" : 13546.0,
    "pct1ResTime" : 13433.6,
    "pct2ResTime" : 13546.0,
    "pct3ResTime" : 13546.0,
    "throughput" : 0.36355500866938867,
    "receivedKBytesPerSec" : 36.09963045856871,
    "sentKBytesPerSec" : 1.1492456670535265
  },
  "getUnreadNotificationCount" : {
    "transaction" : "getUnreadNotificationCount",
    "sampleCount" : 6,
    "errorCount" : 0,
    "errorPct" : 0.0,
    "meanResTime" : 432.33333333333337,
    "medianResTime" : 433.0,
    "minResTime" : 365.0,
    "maxResTime" : 497.0,
    "pct1ResTime" : 497.0,
    "pct2ResTime" : 497.0,
    "pct3ResTime" : 497.0,
    "throughput" : 0.33407572383073497,
    "receivedKBytesPerSec" : 0.2718171457405345,
    "sentKBytesPerSec" : 0.9855886344654788
  },
  "Total" : {
    "transaction" : "Total",
    "sampleCount" : 122,
    "errorCount" : 60,
    "errorPct" : 49.18033,
    "meanResTime" : 7533.34426229508,
    "medianResTime" : 3163.5,
    "minResTime" : 365.0,
    "maxResTime" : 40775.0,
    "pct1ResTime" : 20033.700000000004,
    "pct2ResTime" : 27951.25,
    "pct3ResTime" : 39136.24999999997,
    "throughput" : 1.6600220429156518,
    "receivedKBytesPerSec" : 171.46250588916632,
    "sentKBytesPerSec" : 5.377651294170874
  },
  "me" : {
    "transaction" : "me",
    "sampleCount" : 16,
    "errorCount" : 8,
    "errorPct" : 50.0,
    "meanResTime" : 7905.437499999999,
    "medianResTime" : 5823.0,
    "minResTime" : 880.0,
    "maxResTime" : 18626.0,
    "pct1ResTime" : 17531.9,
    "pct2ResTime" : 18626.0,
    "pct3ResTime" : 18626.0,
    "throughput" : 0.28595939376608526,
    "receivedKBytesPerSec" : 32.26073660235559,
    "sentKBytesPerSec" : 0.9377457463540178
  },
  "RTCycle" : {
    "transaction" : "RTCycle",
    "sampleCount" : 16,
    "errorCount" : 11,
    "errorPct" : 68.75,
    "meanResTime" : 12772.875000000002,
    "medianResTime" : 15145.0,
    "minResTime" : 520.0,
    "maxResTime" : 29253.0,
    "pct1ResTime" : 28160.300000000003,
    "pct2ResTime" : 29253.0,
    "pct3ResTime" : 29253.0,
    "throughput" : 0.28326605764464274,
    "receivedKBytesPerSec" : 41.737379445949294,
    "sentKBytesPerSec" : 0.8567138481693931
  },
  "myActions" : {
    "transaction" : "myActions",
    "sampleCount" : 12,
    "errorCount" : 9,
    "errorPct" : 75.0,
    "meanResTime" : 6606.249999999999,
    "medianResTime" : 5873.0,
    "minResTime" : 558.0,
    "maxResTime" : 13513.0,
    "pct1ResTime" : 12958.000000000002,
    "pct2ResTime" : 13513.0,
    "pct3ResTime" : 13513.0,
    "throughput" : 0.4123427943096694,
    "receivedKBytesPerSec" : 66.17749504973885,
    "sentKBytesPerSec" : 1.2632024860834308
  },
  "getUserData" : {
    "transaction" : "getUserData",
    "sampleCount" : 2,
    "errorCount" : 0,
    "errorPct" : 0.0,
    "meanResTime" : 888.5,
    "medianResTime" : 888.5,
    "minResTime" : 880.0,
    "maxResTime" : 897.0,
    "pct1ResTime" : 897.0,
    "pct2ResTime" : 897.0,
    "pct3ResTime" : 897.0,
    "throughput" : 0.2895193977996526,
    "receivedKBytesPerSec" : 0.3141172372611465,
    "sentKBytesPerSec" : 1.17475888462652
  },
  "GET_SELF_ASSESSMENT" : {
    "transaction" : "GET_SELF_ASSESSMENT",
    "sampleCount" : 14,
    "errorCount" : 8,
    "errorPct" : 57.142857,
    "meanResTime" : 8412.785714285714,
    "medianResTime" : 6129.0,
    "minResTime" : 570.0,
    "maxResTime" : 23714.0,
    "pct1ResTime" : 20215.0,
    "pct2ResTime" : 23714.0,
    "pct3ResTime" : 23714.0,
    "throughput" : 0.3664825528127536,
    "receivedKBytesPerSec" : 45.99396939870684,
    "sentKBytesPerSec" : 1.4555513108295595
  }
}