{
  "myActionStatus" : {
    "transaction" : "myActionStatus",
    "sampleCount" : 3,
    "errorCount" : 1,
    "errorPct" : 33.333332,
    "meanResTime" : 8218.0,
    "medianResTime" : 666.0,
    "minResTime" : 558.0,
    "maxResTime" : 23430.0,
    "pct1ResTime" : 23430.0,
    "pct2ResTime" : 23430.0,
    "pct3ResTime" : 23430.0,
    "throughput" : 0.12804097311139565,
    "receivedKBytesPerSec" : 9.38158544067435,
    "sentKBytesPerSec" : 0.404754521446863
  },
  "getUserOrganisationList" : {
    "transaction" : "getUserOrganisationList",
    "sampleCount" : 2,
    "errorCount" : 2,
    "errorPct" : 100.0,
    "meanResTime" : 785.0,
    "medianResTime" : 785.0,
    "minResTime" : 760.0,
    "maxResTime" : 810.0,
    "pct1ResTime" : 810.0,
    "pct2ResTime" : 810.0,
    "pct3ResTime" : 810.0,
    "throughput" : 0.7293946024799417,
    "receivedKBytesPerSec" : 0.43379034463894967,
    "sentKBytesPerSec" : 2.202429795769511
  },
  "updateProfile" : {
    "transaction" : "updateProfile",
    "sampleCount" : 1,
    "errorCount" : 1,
    "errorPct" : 100.0,
    "meanResTime" : 19212.0,
    "medianResTime" : 19212.0,
    "minResTime" : 19212.0,
    "maxResTime" : 19212.0,
    "pct1ResTime" : 19212.0,
    "pct2ResTime" : 19212.0,
    "pct3ResTime" : 19212.0,
    "throughput" : 0.05205080158234437,
    "receivedKBytesPerSec" : 11.412443232094525,
    "sentKBytesPerSec" : 0.17343489745992088
  },
  "getUnreadNotificationCount" : {
    "transaction" : "getUnreadNotificationCount",
    "sampleCount" : 2,
    "errorCount" : 0,
    "errorPct" : 0.0,
    "meanResTime" : 855.0,
    "medianResTime" : 855.0,
    "minResTime" : 407.0,
    "maxResTime" : 1303.0,
    "pct1ResTime" : 1303.0,
    "pct2ResTime" : 1303.0,
    "pct3ResTime" : 1303.0,
    "throughput" : 0.8550662676357417,
    "receivedKBytesPerSec" : 0.6763707781103035,
    "sentKBytesPerSec" : 2.522612494655836
  },
  "Total" : {
    "transaction" : "Total",
    "sampleCount" : 52,
    "errorCount" : 31,
    "errorPct" : 59.615383,
    "meanResTime" : 12140.557692307691,
    "medianResTime" : 5031.0,
    "minResTime" : 407.0,
    "maxResTime" : 69355.0,
    "pct1ResTime" : 30242.900000000005,
    "pct2ResTime" : 46976.79999999981,
    "pct3ResTime" : 69355.0,
    "throughput" : 0.7179048223875858,
    "receivedKBytesPerSec" : 86.34599981620946,
    "sentKBytesPerSec" : 2.2561124375284742
  },
  "getUser" : {
    "transaction" : "getUser",
    "sampleCount" : 2,
    "errorCount" : 0,
    "errorPct" : 0.0,
    "meanResTime" : 991.5,
    "medianResTime" : 991.5,
    "minResTime" : 970.0,
    "maxResTime" : 1013.0,
    "pct1ResTime" : 1013.0,
    "pct2ResTime" : 1013.0,
    "pct3ResTime" : 1013.0,
    "throughput" : 0.975609756097561,
    "receivedKBytesPerSec" : 0.7136051829268293,
    "sentKBytesPerSec" : 2.9687500000000004
  },
  "me" : {
    "transaction" : "me",
    "sampleCount" : 7,
    "errorCount" : 5,
    "errorPct" : 71.42857,
    "meanResTime" : 11487.57142857143,
    "medianResTime" : 14238.0,
    "minResTime" : 1626.0,
    "maxResTime" : 24478.0,
    "pct1ResTime" : 24478.0,
    "pct2ResTime" : 24478.0,
    "pct3ResTime" : 24478.0,
    "throughput" : 0.1873260543780775,
    "receivedKBytesPerSec" : 29.281874280801755,
    "sentKBytesPerSec" : 0.6142977447281096
  },
  "DASHBOARD_USER" : {
    "transaction" : "DASHBOARD_USER",
    "sampleCount" : 2,
    "errorCount" : 0,
    "errorPct" : 0.0,
    "meanResTime" : 896.0,
    "medianResTime" : 896.0,
    "minResTime" : 864.0,
    "maxResTime" : 928.0,
    "pct1ResTime" : 928.0,
    "pct2ResTime" : 928.0,
    "pct3ResTime" : 928.0,
    "throughput" : 0.6872852233676976,
    "receivedKBytesPerSec" : 0.6721837414089347,
    "sentKBytesPerSec" : 2.502147766323024
  },
  "RTCycle" : {
    "transaction" : "RTCycle",
    "sampleCount" : 12,
    "errorCount" : 9,
    "errorPct" : 75.0,
    "meanResTime" : 16199.583333333332,
    "medianResTime" : 10195.0,
    "minResTime" : 504.0,
    "maxResTime" : 69355.0,
    "pct1ResTime" : 58620.40000000004,
    "pct2ResTime" : 69355.0,
    "pct3ResTime" : 69355.0,
    "throughput" : 0.1695178629448078,
    "receivedKBytesPerSec" : 27.209189678127956,
    "sentKBytesPerSec" : 0.5126922085352243
  },
  "myActions" : {
    "transaction" : "myActions",
    "sampleCount" : 2,
    "errorCount" : 0,
    "errorPct" : 0.0,
    "meanResTime" : 1053.5,
    "medianResTime" : 1053.5,
    "minResTime" : 607.0,
    "maxResTime" : 1500.0,
    "pct1ResTime" : 1500.0,
    "pct2ResTime" : 1500.0,
    "pct3ResTime" : 1500.0,
    "throughput" : 0.7535795026375283,
    "receivedKBytesPerSec" : 0.5983009137151469,
    "sentKBytesPerSec" : 2.3085731443104747
  },
  "RTPhases" : {
    "transaction" : "RTPhases",
    "sampleCount" : 15,
    "errorCount" : 11,
    "errorPct" : 73.333336,
    "meanResTime" : 18491.333333333336,
    "medianResTime" : 20199.0,
    "minResTime" : 1637.0,
    "maxResTime" : 69004.0,
    "pct1ResTime" : 48671.20000000001,
    "pct2ResTime" : 69004.0,
    "pct3ResTime" : 69004.0,
    "throughput" : 0.2173692523946846,
    "receivedKBytesPerSec" : 34.110669932035876,
    "sentKBytesPerSec" : 0.6380976295883026
  },
  "GET_SELF_ASSESSMENT" : {
    "transaction" : "GET_SELF_ASSESSMENT",
    "sampleCount" : 4,
    "errorCount" : 2,
    "errorPct" : 50.0,
    "meanResTime" : 6525.75,
    "medianResTime" : 6498.0,
    "minResTime" : 731.0,
    "maxResTime" : 12376.0,
    "pct1ResTime" : 12376.0,
    "pct2ResTime" : 12376.0,
    "pct3ResTime" : 12376.0,
    "throughput" : 0.18927743339800313,
    "receivedKBytesPerSec" : 20.501758949273647,
    "sentKBytesPerSec" : 0.7517493375289831
  }
}