{
  "myActionStatus" : {
    "transaction" : "myActionStatus",
    "sampleCount" : 2,
    "errorCount" : 2,
    "errorPct" : 100.0,
    "meanResTime" : 5851.5,
    "medianResTime" : 5851.5,
    "minResTime" : 3434.0,
    "maxResTime" : 8269.0,
    "pct1ResTime" : 8269.0,
    "pct2ResTime" : 8269.0,
    "pct3ResTime" : 8269.0,
    "throughput" : 0.13700506918755995,
    "receivedKBytesPerSec" : 29.455019523222358,
    "sentKBytesPerSec" : 0.4330912196876284
  },
  "getUserOrganisationList" : {
    "transaction" : "getUserOrganisationList",
    "sampleCount" : 1,
    "errorCount" : 1,
    "errorPct" : 100.0,
    "meanResTime" : 2020.0,
    "medianResTime" : 2020.0,
    "minResTime" : 2020.0,
    "maxResTime" : 2020.0,
    "pct1ResTime" : 2020.0,
    "pct2ResTime" : 2020.0,
    "pct3ResTime" : 2020.0,
    "throughput" : 0.49504950495049505,
    "receivedKBytesPerSec" : 0.29441909034653463,
    "sentKBytesPerSec" : 1.4948174504950495
  },
  "updateProfile" : {
    "transaction" : "updateProfile",
    "sampleCount" : 1,
    "errorCount" : 1,
    "errorPct" : 100.0,
    "meanResTime" : 34629.0,
    "medianResTime" : 34629.0,
    "minResTime" : 34629.0,
    "maxResTime" : 34629.0,
    "pct1ResTime" : 34629.0,
    "pct2ResTime" : 34629.0,
    "pct3ResTime" : 34629.0,
    "throughput" : 0.028877530393600737,
    "receivedKBytesPerSec" : 6.164845126194808,
    "sentKBytesPerSec" : 0.09622083369430247
  },
  "getUnreadNotificationCount" : {
    "transaction" : "getUnreadNotificationCount",
    "sampleCount" : 1,
    "errorCount" : 0,
    "errorPct" : 0.0,
    "meanResTime" : 451.0,
    "medianResTime" : 451.0,
    "minResTime" : 451.0,
    "maxResTime" : 451.0,
    "pct1ResTime" : 451.0,
    "pct2ResTime" : 451.0,
    "pct3ResTime" : 451.0,
    "throughput" : 2.2172949002217295,
    "receivedKBytesPerSec" : 2.0548953713968956,
    "sentKBytesPerSec" : 6.541453021064301
  },
  "Total" : {
    "transaction" : "Total",
    "sampleCount" : 29,
    "errorCount" : 14,
    "errorPct" : 48.275864,
    "meanResTime" : 11124.44827586207,
    "medianResTime" : 3088.0,
    "minResTime" : 451.0,
    "maxResTime" : 59846.0,
    "pct1ResTime" : 34629.0,
    "pct2ResTime" : 50856.5,
    "pct3ResTime" : 59846.0,
    "throughput" : 0.4845365992213998,
    "receivedKBytesPerSec" : 47.46652429052982,
    "sentKBytesPerSec" : 1.5146663694006783
  },
  "getUser" : {
    "transaction" : "getUser",
    "sampleCount" : 1,
    "errorCount" : 0,
    "errorPct" : 0.0,
    "meanResTime" : 781.0,
    "medianResTime" : 781.0,
    "minResTime" : 781.0,
    "maxResTime" : 781.0,
    "pct1ResTime" : 781.0,
    "pct2ResTime" : 781.0,
    "pct3ResTime" : 781.0,
    "throughput" : 1.2804097311139564,
    "receivedKBytesPerSec" : 0.7940040813060179,
    "sentKBytesPerSec" : 3.896246798975672
  },
  "me" : {
    "transaction" : "me",
    "sampleCount" : 3,
    "errorCount" : 1,
    "errorPct" : 33.333332,
    "meanResTime" : 9653.0,
    "medianResTime" : 6494.0,
    "minResTime" : 764.0,
    "maxResTime" : 21701.0,
    "pct1ResTime" : 21701.0,
    "pct2ResTime" : 21701.0,
    "pct3ResTime" : 21701.0,
    "throughput" : 0.13824247730519332,
    "receivedKBytesPerSec" : 10.97119660384314,
    "sentKBytesPerSec" : 0.4533381238191788
  },
  "DASHBOARD_USER" : {
    "transaction" : "DASHBOARD_USER",
    "sampleCount" : 1,
    "errorCount" : 0,
    "errorPct" : 0.0,
    "meanResTime" : 760.0,
    "medianResTime" : 760.0,
    "minResTime" : 760.0,
    "maxResTime" : 760.0,
    "pct1ResTime" : 760.0,
    "pct2ResTime" : 760.0,
    "pct3ResTime" : 760.0,
    "throughput" : 1.3157894736842104,
    "receivedKBytesPerSec" : 0.8159436677631579,
    "sentKBytesPerSec" : 4.790296052631579
  },
  "RTCycle" : {
    "transaction" : "RTCycle",
    "sampleCount" : 6,
    "errorCount" : 3,
    "errorPct" : 50.0,
    "meanResTime" : 14262.0,
    "medianResTime" : 7366.0,
    "minResTime" : 505.0,
    "maxResTime" : 41867.0,
    "pct1ResTime" : 41867.0,
    "pct2ResTime" : 41867.0,
    "pct3ResTime" : 41867.0,
    "throughput" : 0.1406436792386489,
    "receivedKBytesPerSec" : 15.352914913504137,
    "sentKBytesPerSec" : 0.42536472129110897
  },
  "myActions" : {
    "transaction" : "myActions",
    "sampleCount" : 1,
    "errorCount" : 0,
    "errorPct" : 0.0,
    "meanResTime" : 535.0,
    "medianResTime" : 535.0,
    "minResTime" : 535.0,
    "maxResTime" : 535.0,
    "pct1ResTime" : 535.0,
    "pct2ResTime" : 535.0,
    "pct3ResTime" : 535.0,
    "throughput" : 1.8691588785046729,
    "receivedKBytesPerSec" : 1.484009929906542,
    "sentKBytesPerSec" : 5.72612441588785
  },
  "RTPhases" : {
    "transaction" : "RTPhases",
    "sampleCount" : 10,
    "errorCount" : 6,
    "errorPct" : 60.0,
    "meanResTime" : 15600.3,
    "medianResTime" : 3415.5,
    "minResTime" : 2401.0,
    "maxResTime" : 59846.0,
    "pct1ResTime" : 56728.90000000001,
    "pct2ResTime" : 59846.0,
    "pct3ResTime" : 59846.0,
    "throughput" : 0.1670815859384137,
    "receivedKBytesPerSec" : 21.66167075320379,
    "sentKBytesPerSec" : 0.4904758274715544
  },
  "GET_SELF_ASSESSMENT" : {
    "transaction" : "GET_SELF_ASSESSMENT",
    "sampleCount" : 2,
    "errorCount" : 0,
    "errorPct" : 0.0,
    "meanResTime" : 598.0,
    "medianResTime" : 598.0,
    "minResTime" : 596.0,
    "maxResTime" : 600.0,
    "pct1ResTime" : 600.0,
    "pct2ResTime" : 600.0,
    "pct3ResTime" : 600.0,
    "throughput" : 0.28864193967383456,
    "receivedKBytesPerSec" : 0.6302767354596622,
    "sentKBytesPerSec" : 1.1463933287631694
  }
}