{
  "getUserOrganisationList" : {
    "transaction" : "getUserOrganisationList",
    "sampleCount" : 9,
    "errorCount" : 2,
    "errorPct" : 22.222221,
    "meanResTime" : 962.5555555555555,
    "medianResTime" : 767.0,
    "minResTime" : 723.0,
    "maxResTime" : 2230.0,
    "pct1ResTime" : 2230.0,
    "pct2ResTime" : 2230.0,
    "pct3ResTime" : 2230.0,
    "throughput" : 0.2429674423627234,
    "receivedKBytesPerSec" : 0.5412194687786837,
    "sentKBytesPerSec" : 0.7336477849468171
  },
  "updateProfile" : {
    "transaction" : "updateProfile",
    "sampleCount" : 8,
    "errorCount" : 4,
    "errorPct" : 50.0,
    "meanResTime" : 3758.875,
    "medianResTime" : 3315.0,
    "minResTime" : 525.0,
    "maxResTime" : 8410.0,
    "pct1ResTime" : 8410.0,
    "pct2ResTime" : 8410.0,
    "pct3ResTime" : 8410.0,
    "throughput" : 0.19770171753367108,
    "receivedKBytesPerSec" : 21.309213981218335,
    "sentKBytesPerSec" : 0.6587483010008649
  },
  "getUser" : {
    "transaction" : "getUser",
    "sampleCount" : 9,
    "errorCount" : 0,
    "errorPct" : 0.0,
    "meanResTime" : 890.6666666666666,
    "medianResTime" : 823.0,
    "minResTime" : 746.0,
    "maxResTime" : 1179.0,
    "pct1ResTime" : 1179.0,
    "pct2ResTime" : 1179.0,
    "pct3ResTime" : 1179.0,
    "throughput" : 0.24993057484032213,
    "receivedKBytesPerSec" : 0.17662736913357402,
    "sentKBytesPerSec" : 0.7605309289086365
  },
  "DASHBOARD_USER" : {
    "transaction" : "DASHBOARD_USER",
    "sampleCount" : 9,
    "errorCount" : 0,
    "errorPct" : 0.0,
    "meanResTime" : 1039.4444444444443,
    "medianResTime" : 871.0,
    "minResTime" : 799.0,
    "maxResTime" : 1800.0,
    "pct1ResTime" : 1800.0,
    "pct2ResTime" : 1800.0,
    "pct3ResTime" : 1800.0,
    "throughput" : 0.2426202992317024,
    "receivedKBytesPerSec" : 0.2276408124410298,
    "sentKBytesPerSec" : 0.8832895268904165
  },
  "RTPhases" : {
    "transaction" : "RTPhases",
    "sampleCount" : 20,
    "errorCount" : 13,
    "errorPct" : 65.0,
    "meanResTime" : 11029.400000000001,
    "medianResTime" : 10172.5,
    "minResTime" : 1222.0,
    "maxResTime" : 27242.0,
    "pct1ResTime" : 25543.100000000013,
    "pct2ResTime" : 27189.399999999998,
    "pct3ResTime" : 27242.0,
    "throughput" : 0.305101293629485,
    "receivedKBytesPerSec" : 42.42424549403527,
    "sentKBytesPerSec" : 0.895639149072492
  },
  "myActionStatus" : {
    "transaction" : "myActionStatus",
    "sampleCount" : 13,
    "errorCount" : 4,
    "errorPct" : 30.76923,
    "meanResTime" : 5477.923076923077,
    "medianResTime" : 1383.0,
    "minResTime" : 551.0,
    "maxResTime" : 23770.0,
    "pct1ResTime" : 20856.799999999996,
    "pct2ResTime" : 23770.0,
    "pct3ResTime" : 23770.0,
    "throughput" : 0.29236478128865395,
    "receivedKBytesPerSec" : 19.401956770774767,
    "sentKBytesPerSec" : 0.9242039033509502
  },
  "getUnreadNotificationCount" : {
    "transaction" : "getUnreadNotificationCount",
    "sampleCount" : 9,
    "errorCount" : 0,
    "errorPct" : 0.0,
    "meanResTime" : 670.1111111111111,
    "medianResTime" : 441.0,
    "minResTime" : 377.0,
    "maxResTime" : 2404.0,
    "pct1ResTime" : 2404.0,
    "pct2ResTime" : 2404.0,
    "pct3ResTime" : 2404.0,
    "throughput" : 0.251959686450168,
    "receivedKBytesPerSec" : 0.21830491496360582,
    "sentKBytesPerSec" : 0.7433302859042553
  },
  "Total" : {
    "transaction" : "Total",
    "sampleCount" : 145,
    "errorCount" : 57,
    "errorPct" : 39.310345,
    "meanResTime" : 5997.000000000002,
    "medianResTime" : 1481.0,
    "minResTime" : 377.0,
    "maxResTime" : 28677.0,
    "pct1ResTime" : 17375.60000000001,
    "pct2ResTime" : 23842.1,
    "pct3ResTime" : 28244.139999999992,
    "throughput" : 2.0992283526124536,
    "receivedKBytesPerSec" : 173.41861429664993,
    "sentKBytesPerSec" : 6.820131079618665
  },
  "me" : {
    "transaction" : "me",
    "sampleCount" : 17,
    "errorCount" : 7,
    "errorPct" : 41.17647,
    "meanResTime" : 6178.117647058823,
    "medianResTime" : 2432.0,
    "minResTime" : 733.0,
    "maxResTime" : 28677.0,
    "pct1ResTime" : 20325.799999999992,
    "pct2ResTime" : 28677.0,
    "pct3ResTime" : 28677.0,
    "throughput" : 0.2851392150285139,
    "receivedKBytesPerSec" : 26.874174459074137,
    "sentKBytesPerSec" : 0.9350561367829587
  },
  "RTCycle" : {
    "transaction" : "RTCycle",
    "sampleCount" : 19,
    "errorCount" : 13,
    "errorPct" : 68.42105,
    "meanResTime" : 10086.157894736842,
    "medianResTime" : 11240.0,
    "minResTime" : 484.0,
    "maxResTime" : 27736.0,
    "pct1ResTime" : 25140.0,
    "pct2ResTime" : 27736.0,
    "pct3ResTime" : 27736.0,
    "throughput" : 0.28268340945947956,
    "receivedKBytesPerSec" : 41.46943532129202,
    "sentKBytesPerSec" : 0.8549516788046956
  },
  "myActions" : {
    "transaction" : "myActions",
    "sampleCount" : 11,
    "errorCount" : 7,
    "errorPct" : 63.636364,
    "meanResTime" : 8340.454545454546,
    "medianResTime" : 8841.0,
    "minResTime" : 543.0,
    "maxResTime" : 20417.0,
    "pct1ResTime" : 19493.800000000003,
    "pct2ResTime" : 20417.0,
    "pct3ResTime" : 20417.0,
    "throughput" : 0.2398290672829547,
    "receivedKBytesPerSec" : 32.76289898835739,
    "sentKBytesPerSec" : 0.7347107266275673
  },
  "getUserData" : {
    "transaction" : "getUserData",
    "sampleCount" : 5,
    "errorCount" : 0,
    "errorPct" : 0.0,
    "meanResTime" : 2266.4,
    "medianResTime" : 1022.0,
    "minResTime" : 822.0,
    "maxResTime" : 6833.0,
    "pct1ResTime" : 6833.0,
    "pct2ResTime" : 6833.0,
    "pct3ResTime" : 6833.0,
    "throughput" : 0.16732481092296364,
    "receivedKBytesPerSec" : 0.19709686224148315,
    "sentKBytesPerSec" : 0.6789400286962051
  },
  "GET_SELF_ASSESSMENT" : {
    "transaction" : "GET_SELF_ASSESSMENT",
    "sampleCount" : 16,
    "errorCount" : 7,
    "errorPct" : 43.75,
    "meanResTime" : 7242.875,
    "medianResTime" : 2270.0,
    "minResTime" : 581.0,
    "maxResTime" : 27642.0,
    "pct1ResTime" : 19147.500000000007,
    "pct2ResTime" : 27642.0,
    "pct3ResTime" : 27642.0,
    "throughput" : 0.27402421689016765,
    "receivedKBytesPerSec" : 26.23435666927846,
    "sentKBytesPerSec" : 1.0883364161057734
  }
}