{
  "getUserOrganisationList" : {
    "transaction" : "getUserOrganisationList",
    "sampleCount" : 24,
    "errorCount" : 11,
    "errorPct" : 45.833332,
    "meanResTime" : 799.1666666666666,
    "medianResTime" : 712.0,
    "minResTime" : 627.0,
    "maxResTime" : 1480.0,
    "pct1ResTime" : 1228.0,
    "pct2ResTime" : 1451.75,
    "pct3ResTime" : 1480.0,
    "throughput" : 0.36663611365719523,
    "receivedKBytesPerSec" : 0.6351385865413994,
    "sentKBytesPerSec" : 1.1070692025664528
  },
  "updateProfile" : {
    "transaction" : "updateProfile",
    "sampleCount" : 22,
    "errorCount" : 11,
    "errorPct" : 50.0,
    "meanResTime" : 3142.5000000000005,
    "medianResTime" : 1364.0,
    "minResTime" : 455.0,
    "maxResTime" : 13784.0,
    "pct1ResTime" : 8586.699999999997,
    "pct2ResTime" : 13144.849999999991,
    "pct3ResTime" : 13784.0,
    "throughput" : 0.3382273810438927,
    "receivedKBytesPerSec" : 36.466866087900684,
    "sentKBytesPerSec" : 1.1269842032439081
  },
  "getUser" : {
    "transaction" : "getUser",
    "sampleCount" : 23,
    "errorCount" : 0,
    "errorPct" : 0.0,
    "meanResTime" : 927.0434782608697,
    "medianResTime" : 815.0,
    "minResTime" : 725.0,
    "maxResTime" : 1697.0,
    "pct1ResTime" : 1437.2,
    "pct2ResTime" : 1652.3999999999994,
    "pct3ResTime" : 1697.0,
    "throughput" : 0.3520048974594429,
    "receivedKBytesPerSec" : 0.2370263955846342,
    "sentKBytesPerSec" : 1.071139902816039
  },
  "DASHBOARD_USER" : {
    "transaction" : "DASHBOARD_USER",
    "sampleCount" : 25,
    "errorCount" : 0,
    "errorPct" : 0.0,
    "meanResTime" : 933.36,
    "medianResTime" : 867.0,
    "minResTime" : 765.0,
    "maxResTime" : 1805.0,
    "pct1ResTime" : 1155.0000000000002,
    "pct2ResTime" : 1634.2999999999997,
    "pct3ResTime" : 1805.0,
    "throughput" : 0.37882805752125226,
    "receivedKBytesPerSec" : 0.4518560443910718,
    "sentKBytesPerSec" : 1.3791708969133092
  },
  "RTPhases" : {
    "transaction" : "RTPhases",
    "sampleCount" : 38,
    "errorCount" : 23,
    "errorPct" : 60.526318,
    "meanResTime" : 10617.552631578947,
    "medianResTime" : 7114.0,
    "minResTime" : 1068.0,
    "maxResTime" : 36343.0,
    "pct1ResTime" : 28778.100000000002,
    "pct2ResTime" : 32235.199999999986,
    "pct3ResTime" : 36343.0,
    "throughput" : 0.4493637954685209,
    "receivedKBytesPerSec" : 58.075581992632806,
    "sentKBytesPerSec" : 1.3191284855257557
  },
  "myActionStatus" : {
    "transaction" : "myActionStatus",
    "sampleCount" : 28,
    "errorCount" : 14,
    "errorPct" : 50.0,
    "meanResTime" : 4600.607142857143,
    "medianResTime" : 1660.5,
    "minResTime" : 501.0,
    "maxResTime" : 16146.0,
    "pct1ResTime" : 13565.1,
    "pct2ResTime" : 15118.649999999994,
    "pct3ResTime" : 16146.0,
    "throughput" : 0.400354599788384,
    "receivedKBytesPerSec" : 42.8881261349338,
    "sentKBytesPerSec" : 1.2655740620263662
  },
  "getUnreadNotificationCount" : {
    "transaction" : "getUnreadNotificationCount",
    "sampleCount" : 23,
    "errorCount" : 0,
    "errorPct" : 0.0,
    "meanResTime" : 418.7826086956522,
    "medianResTime" : 416.0,
    "minResTime" : 318.0,
    "maxResTime" : 690.0,
    "pct1ResTime" : 509.4,
    "pct2ResTime" : 654.1999999999995,
    "pct3ResTime" : 690.0,
    "throughput" : 0.3538733748749904,
    "receivedKBytesPerSec" : 0.30706989479959995,
    "sentKBytesPerSec" : 1.0439955717747518
  },
  "Total" : {
    "transaction" : "Total",
    "sampleCount" : 329,
    "errorCount" : 125,
    "errorPct" : 37.99392,
    "meanResTime" : 3966.896656534958,
    "medianResTime" : 956.0,
    "minResTime" : 318.0,
    "maxResTime" : 36343.0,
    "pct1ResTime" : 13488.0,
    "pct2ResTime" : 16762.0,
    "pct3ResTime" : 29846.69999999998,
    "throughput" : 3.8905444397142994,
    "receivedKBytesPerSec" : 292.8494801274774,
    "sentKBytesPerSec" : 12.708962479601249
  },
  "me" : {
    "transaction" : "me",
    "sampleCount" : 33,
    "errorCount" : 21,
    "errorPct" : 63.636364,
    "meanResTime" : 7044.848484848484,
    "medianResTime" : 5261.0,
    "minResTime" : 761.0,
    "maxResTime" : 23146.0,
    "pct1ResTime" : 17451.800000000003,
    "pct2ResTime" : 20950.799999999992,
    "pct3ResTime" : 23146.0,
    "throughput" : 0.434381992891931,
    "receivedKBytesPerSec" : 60.90564634888772,
    "sentKBytesPerSec" : 1.4244675118467816
  },
  "RTCycle" : {
    "transaction" : "RTCycle",
    "sampleCount" : 36,
    "errorCount" : 17,
    "errorPct" : 47.22222,
    "meanResTime" : 4178.611111111111,
    "medianResTime" : 1374.5,
    "minResTime" : 444.0,
    "maxResTime" : 23325.0,
    "pct1ResTime" : 15075.200000000006,
    "pct2ResTime" : 23253.6,
    "pct3ResTime" : 23325.0,
    "throughput" : 0.46113053836990353,
    "receivedKBytesPerSec" : 46.76819844464512,
    "sentKBytesPerSec" : 1.394649684894132
  },
  "myActions" : {
    "transaction" : "myActions",
    "sampleCount" : 27,
    "errorCount" : 12,
    "errorPct" : 44.444443,
    "meanResTime" : 3580.9629629629635,
    "medianResTime" : 798.0,
    "minResTime" : 510.0,
    "maxResTime" : 16029.0,
    "pct1ResTime" : 11900.799999999997,
    "pct2ResTime" : 15167.799999999996,
    "pct3ResTime" : 16029.0,
    "throughput" : 0.4108275893550007,
    "receivedKBytesPerSec" : 39.375301344889756,
    "sentKBytesPerSec" : 1.258560691217419
  },
  "getUserData" : {
    "transaction" : "getUserData",
    "sampleCount" : 19,
    "errorCount" : 0,
    "errorPct" : 0.0,
    "meanResTime" : 961.7894736842105,
    "medianResTime" : 884.0,
    "minResTime" : 731.0,
    "maxResTime" : 1633.0,
    "pct1ResTime" : 1450.0,
    "pct2ResTime" : 1633.0,
    "pct3ResTime" : 1633.0,
    "throughput" : 0.30980449705685725,
    "receivedKBytesPerSec" : 0.37402332603662214,
    "sentKBytesPerSec" : 1.2570680520226973
  },
  "GET_SELF_ASSESSMENT" : {
    "transaction" : "GET_SELF_ASSESSMENT",
    "sampleCount" : 31,
    "errorCount" : 16,
    "errorPct" : 51.612904,
    "meanResTime" : 4269.419354838709,
    "medianResTime" : 1803.0,
    "minResTime" : 556.0,
    "maxResTime" : 16986.0,
    "pct1ResTime" : 12115.2,
    "pct2ResTime" : 15973.199999999997,
    "pct3ResTime" : 16986.0,
    "throughput" : 0.42905386702098214,
    "receivedKBytesPerSec" : 48.25071883823286,
    "sentKBytesPerSec" : 1.704064528490561
  }
}