{
  "getUserOrganisationList" : {
    "transaction" : "getUserOrganisationList",
    "sampleCount" : 32,
    "errorCount" : 11,
    "errorPct" : 34.375,
    "meanResTime" : 851.96875,
    "medianResTime" : 722.0,
    "minResTime" : 624.0,
    "maxResTime" : 2541.0,
    "pct1ResTime" : 1171.3,
    "pct2ResTime" : 2084.6999999999985,
    "pct3ResTime" : 2541.0,
    "throughput" : 0.7976469415225086,
    "receivedKBytesPerSec" : 1.574408230096216,
    "sentKBytesPerSec" : 2.408519866394137
  },
  "updateProfile" : {
    "transaction" : "updateProfile",
    "sampleCount" : 29,
    "errorCount" : 17,
    "errorPct" : 58.62069,
    "meanResTime" : 3972.344827586207,
    "medianResTime" : 1514.0,
    "minResTime" : 468.0,
    "maxResTime" : 15056.0,
    "pct1ResTime" : 12890.0,
    "pct2ResTime" : 14638.0,
    "pct3ResTime" : 15056.0,
    "throughput" : 0.777959599753199,
    "receivedKBytesPerSec" : 98.61523400823563,
    "sentKBytesPerSec" : 2.592185697615151
  },
  "getUser" : {
    "transaction" : "getUser",
    "sampleCount" : 31,
    "errorCount" : 0,
    "errorPct" : 0.0,
    "meanResTime" : 849.5806451612904,
    "medianResTime" : 830.0,
    "minResTime" : 724.0,
    "maxResTime" : 1140.0,
    "pct1ResTime" : 1035.6000000000001,
    "pct2ResTime" : 1084.8,
    "pct3ResTime" : 1140.0,
    "throughput" : 0.7932446264073695,
    "receivedKBytesPerSec" : 0.5659714447927329,
    "sentKBytesPerSec" : 2.4138186092630503
  },
  "DASHBOARD_USER" : {
    "transaction" : "DASHBOARD_USER",
    "sampleCount" : 32,
    "errorCount" : 0,
    "errorPct" : 0.0,
    "meanResTime" : 998.3125000000003,
    "medianResTime" : 866.0,
    "minResTime" : 749.0,
    "maxResTime" : 3062.0,
    "pct1ResTime" : 1480.0,
    "pct2ResTime" : 2058.399999999997,
    "pct3ResTime" : 3062.0,
    "throughput" : 0.7947940986538174,
    "receivedKBytesPerSec" : 0.8840046911479807,
    "sentKBytesPerSec" : 2.8935472654115544
  },
  "RTPhases" : {
    "transaction" : "RTPhases",
    "sampleCount" : 48,
    "errorCount" : 29,
    "errorPct" : 60.416668,
    "meanResTime" : 7695.020833333332,
    "medianResTime" : 4876.0,
    "minResTime" : 1012.0,
    "maxResTime" : 36681.0,
    "pct1ResTime" : 21398.100000000006,
    "pct2ResTime" : 27327.35,
    "pct3ResTime" : 36681.0,
    "throughput" : 0.5735726405850441,
    "receivedKBytesPerSec" : 73.90748135142078,
    "sentKBytesPerSec" : 1.6837493726549242
  },
  "myActionStatus" : {
    "transaction" : "myActionStatus",
    "sampleCount" : 36,
    "errorCount" : 17,
    "errorPct" : 47.22222,
    "meanResTime" : 4205.500000000001,
    "medianResTime" : 1066.0,
    "minResTime" : 467.0,
    "maxResTime" : 31428.0,
    "pct1ResTime" : 15409.100000000004,
    "pct2ResTime" : 19903.699999999983,
    "pct3ResTime" : 31428.0,
    "throughput" : 0.6195147134744451,
    "receivedKBytesPerSec" : 62.446205875709865,
    "sentKBytesPerSec" : 1.958368288590604
  },
  "getUnreadNotificationCount" : {
    "transaction" : "getUnreadNotificationCount",
    "sampleCount" : 31,
    "errorCount" : 0,
    "errorPct" : 0.0,
    "meanResTime" : 396.41935483870964,
    "medianResTime" : 386.0,
    "minResTime" : 312.0,
    "maxResTime" : 691.0,
    "pct1ResTime" : 473.6,
    "pct2ResTime" : 593.1999999999998,
    "pct3ResTime" : 691.0,
    "throughput" : 0.8014063388656223,
    "receivedKBytesPerSec" : 0.6830534874101649,
    "sentKBytesPerSec" : 2.3643052243291454
  },
  "Total" : {
    "transaction" : "Total",
    "sampleCount" : 415,
    "errorCount" : 140,
    "errorPct" : 33.73494,
    "meanResTime" : 3150.0506024096394,
    "medianResTime" : 863.0,
    "minResTime" : 312.0,
    "maxResTime" : 36681.0,
    "pct1ResTime" : 10005.000000000011,
    "pct2ResTime" : 15316.399999999989,
    "pct3ResTime" : 27430.87999999999,
    "throughput" : 4.928858167652439,
    "receivedKBytesPerSec" : 334.4735029335614,
    "sentKBytesPerSec" : 16.134970267256943
  },
  "me" : {
    "transaction" : "me",
    "sampleCount" : 38,
    "errorCount" : 17,
    "errorPct" : 44.736843,
    "meanResTime" : 3641.1052631578946,
    "medianResTime" : 1694.0,
    "minResTime" : 628.0,
    "maxResTime" : 18579.0,
    "pct1ResTime" : 10298.000000000002,
    "pct2ResTime" : 13111.749999999984,
    "pct3ResTime" : 18579.0,
    "throughput" : 0.5650221548160704,
    "receivedKBytesPerSec" : 57.724915176978314,
    "sentKBytesPerSec" : 1.8528753865941059
  },
  "RTCycle" : {
    "transaction" : "RTCycle",
    "sampleCount" : 39,
    "errorCount" : 18,
    "errorPct" : 46.153847,
    "meanResTime" : 4241.666666666666,
    "medianResTime" : 796.0,
    "minResTime" : 439.0,
    "maxResTime" : 27618.0,
    "pct1ResTime" : 14287.0,
    "pct2ResTime" : 18339.0,
    "pct3ResTime" : 27618.0,
    "throughput" : 0.4906647878818378,
    "receivedKBytesPerSec" : 48.68695566875095,
    "sentKBytesPerSec" : 1.48397348444341
  },
  "myActions" : {
    "transaction" : "myActions",
    "sampleCount" : 33,
    "errorCount" : 15,
    "errorPct" : 45.454544,
    "meanResTime" : 2726.3939393939395,
    "medianResTime" : 854.0,
    "minResTime" : 476.0,
    "maxResTime" : 16103.0,
    "pct1ResTime" : 9061.800000000005,
    "pct2ResTime" : 15040.399999999996,
    "pct3ResTime" : 16103.0,
    "throughput" : 0.5837298568977412,
    "receivedKBytesPerSec" : 56.97007859347637,
    "sentKBytesPerSec" : 1.7882427354377088
  },
  "getUserData" : {
    "transaction" : "getUserData",
    "sampleCount" : 29,
    "errorCount" : 0,
    "errorPct" : 0.0,
    "meanResTime" : 878.2068965517243,
    "medianResTime" : 803.0,
    "minResTime" : 685.0,
    "maxResTime" : 1889.0,
    "pct1ResTime" : 1206.0,
    "pct2ResTime" : 1732.0,
    "pct3ResTime" : 1889.0,
    "throughput" : 0.775753684830003,
    "receivedKBytesPerSec" : 0.9535741095551453,
    "sentKBytesPerSec" : 3.1477114848326777
  },
  "GET_SELF_ASSESSMENT" : {
    "transaction" : "GET_SELF_ASSESSMENT",
    "sampleCount" : 37,
    "errorCount" : 16,
    "errorPct" : 43.243244,
    "meanResTime" : 4169.0,
    "medianResTime" : 808.0,
    "minResTime" : 498.0,
    "maxResTime" : 23379.0,
    "pct1ResTime" : 18512.800000000007,
    "pct2ResTime" : 22878.600000000002,
    "pct3ResTime" : 23379.0,
    "throughput" : 0.5701781421438697,
    "receivedKBytesPerSec" : 54.18931647968933,
    "sentKBytesPerSec" : 2.2645649454092958
  }
}