{
  "getUserOrganisationList" : {
    "transaction" : "getUserOrganisationList",
    "sampleCount" : 4,
    "errorCount" : 2,
    "errorPct" : 50.0,
    "meanResTime" : 757.75,
    "medianResTime" : 747.5,
    "minResTime" : 730.0,
    "maxResTime" : 806.0,
    "pct1ResTime" : 806.0,
    "pct2ResTime" : 806.0,
    "pct3ResTime" : 806.0,
    "throughput" : 0.17259978425026967,
    "receivedKBytesPerSec" : 0.2836771844660194,
    "sentKBytesPerSec" : 0.5211704422869471
  },
  "updateProfile" : {
    "transaction" : "updateProfile",
    "sampleCount" : 3,
    "errorCount" : 2,
    "errorPct" : 66.666664,
    "meanResTime" : 7389.666666666667,
    "medianResTime" : 7126.0,
    "minResTime" : 825.0,
    "maxResTime" : 14218.0,
    "pct1ResTime" : 14218.0,
    "pct2ResTime" : 14218.0,
    "pct3ResTime" : 14218.0,
    "throughput" : 0.10387451958034695,
    "receivedKBytesPerSec" : 14.80276149328278,
    "sentKBytesPerSec" : 0.3461131453204529
  },
  "getUser" : {
    "transaction" : "getUser",
    "sampleCount" : 3,
    "errorCount" : 0,
    "errorPct" : 0.0,
    "meanResTime" : 864.3333333333334,
    "medianResTime" : 815.0,
    "minResTime" : 812.0,
    "maxResTime" : 966.0,
    "pct1ResTime" : 966.0,
    "pct2ResTime" : 966.0,
    "pct3ResTime" : 966.0,
    "throughput" : 0.13274923669188904,
    "receivedKBytesPerSec" : 0.08724632450550909,
    "sentKBytesPerSec" : 0.4039517788397717
  },
  "DASHBOARD_USER" : {
    "transaction" : "DASHBOARD_USER",
    "sampleCount" : 5,
    "errorCount" : 0,
    "errorPct" : 0.0,
    "meanResTime" : 811.4,
    "medianResTime" : 787.0,
    "minResTime" : 758.0,
    "maxResTime" : 939.0,
    "pct1ResTime" : 939.0,
    "pct2ResTime" : 939.0,
    "pct3ResTime" : 939.0,
    "throughput" : 0.18634466308884914,
    "receivedKBytesPerSec" : 0.16891124636627908,
    "sentKBytesPerSec" : 0.6784110390578414
  },
  "RTPhases" : {
    "transaction" : "RTPhases",
    "sampleCount" : 13,
    "errorCount" : 9,
    "errorPct" : 69.23077,
    "meanResTime" : 13181.307692307691,
    "medianResTime" : 11870.0,
    "minResTime" : 1162.0,
    "maxResTime" : 37809.0,
    "pct1ResTime" : 32642.599999999995,
    "pct2ResTime" : 37809.0,
    "pct3ResTime" : 37809.0,
    "throughput" : 0.1986765087952562,
    "receivedKBytesPerSec" : 29.342932369752262,
    "sentKBytesPerSec" : 0.5832242045298244
  },
  "myActionStatus" : {
    "transaction" : "myActionStatus",
    "sampleCount" : 9,
    "errorCount" : 5,
    "errorPct" : 55.555557,
    "meanResTime" : 8391.222222222223,
    "medianResTime" : 11952.0,
    "minResTime" : 574.0,
    "maxResTime" : 19180.0,
    "pct1ResTime" : 19180.0,
    "pct2ResTime" : 19180.0,
    "pct3ResTime" : 19180.0,
    "throughput" : 0.2588066139468009,
    "receivedKBytesPerSec" : 30.927053378864127,
    "sentKBytesPerSec" : 0.8181220794392524
  },
  "getUnreadNotificationCount" : {
    "transaction" : "getUnreadNotificationCount",
    "sampleCount" : 4,
    "errorCount" : 0,
    "errorPct" : 0.0,
    "meanResTime" : 656.5,
    "medianResTime" : 639.0,
    "minResTime" : 383.0,
    "maxResTime" : 965.0,
    "pct1ResTime" : 965.0,
    "pct2ResTime" : 965.0,
    "pct3ResTime" : 965.0,
    "throughput" : 0.1714310204431492,
    "receivedKBytesPerSec" : 0.13560461578022545,
    "sentKBytesPerSec" : 0.5057549929284705
  },
  "Total" : {
    "transaction" : "Total",
    "sampleCount" : 84,
    "errorCount" : 37,
    "errorPct" : 44.04762,
    "meanResTime" : 6972.321428571429,
    "medianResTime" : 1361.5,
    "minResTime" : 383.0,
    "maxResTime" : 37809.0,
    "pct1ResTime" : 20277.0,
    "pct2ResTime" : 22869.0,
    "pct3ResTime" : 37809.0,
    "throughput" : 1.2362030905077264,
    "receivedKBytesPerSec" : 111.85891797737307,
    "sentKBytesPerSec" : 4.025291459713024
  },
  "me" : {
    "transaction" : "me",
    "sampleCount" : 11,
    "errorCount" : 5,
    "errorPct" : 45.454544,
    "meanResTime" : 9679.454545454544,
    "medianResTime" : 3917.0,
    "minResTime" : 933.0,
    "maxResTime" : 31123.0,
    "pct1ResTime" : 29232.800000000007,
    "pct2ResTime" : 31123.0,
    "pct3ResTime" : 31123.0,
    "throughput" : 0.18097165325831235,
    "receivedKBytesPerSec" : 18.60450933032262,
    "sentKBytesPerSec" : 0.5934597769935672
  },
  "RTCycle" : {
    "transaction" : "RTCycle",
    "sampleCount" : 12,
    "errorCount" : 6,
    "errorPct" : 50.0,
    "meanResTime" : 5749.916666666667,
    "medianResTime" : 4319.5,
    "minResTime" : 499.0,
    "maxResTime" : 22893.0,
    "pct1ResTime" : 19567.50000000001,
    "pct2ResTime" : 22893.0,
    "pct3ResTime" : 22893.0,
    "throughput" : 0.18697122201274521,
    "receivedKBytesPerSec" : 20.1402454581574,
    "sentKBytesPerSec" : 0.5654783931381562
  },
  "myActions" : {
    "transaction" : "myActions",
    "sampleCount" : 7,
    "errorCount" : 2,
    "errorPct" : 28.571428,
    "meanResTime" : 4448.714285714286,
    "medianResTime" : 523.0,
    "minResTime" : 506.0,
    "maxResTime" : 16603.0,
    "pct1ResTime" : 16603.0,
    "pct2ResTime" : 16603.0,
    "pct3ResTime" : 16603.0,
    "throughput" : 0.20308692120227456,
    "receivedKBytesPerSec" : 12.408276562681326,
    "sentKBytesPerSec" : 0.6221520232534524
  },
  "getUserData" : {
    "transaction" : "getUserData",
    "sampleCount" : 3,
    "errorCount" : 0,
    "errorPct" : 0.0,
    "meanResTime" : 1515.3333333333333,
    "medianResTime" : 916.0,
    "minResTime" : 780.0,
    "maxResTime" : 2850.0,
    "pct1ResTime" : 2850.0,
    "pct2ResTime" : 2850.0,
    "pct3ResTime" : 2850.0,
    "throughput" : 0.16074586079408457,
    "receivedKBytesPerSec" : 0.19931021606922789,
    "sentKBytesPerSec" : 0.6522451675775599
  },
  "GET_SELF_ASSESSMENT" : {
    "transaction" : "GET_SELF_ASSESSMENT",
    "sampleCount" : 10,
    "errorCount" : 6,
    "errorPct" : 60.0,
    "meanResTime" : 9316.099999999999,
    "medianResTime" : 10568.0,
    "minResTime" : 635.0,
    "maxResTime" : 21367.0,
    "pct1ResTime" : 21082.100000000002,
    "pct2ResTime" : 21367.0,
    "pct3ResTime" : 21367.0,
    "throughput" : 0.1930725566667954,
    "receivedKBytesPerSec" : 25.228813605340388,
    "sentKBytesPerSec" : 0.766822351527204
  }
}