{
  "getUserOrganisationList" : {
    "transaction" : "getUserOrganisationList",
    "sampleCount" : 5,
    "errorCount" : 2,
    "errorPct" : 40.0,
    "meanResTime" : 1051.4,
    "medianResTime" : 747.0,
    "minResTime" : 699.0,
    "maxResTime" : 2074.0,
    "pct1ResTime" : 2074.0,
    "pct2ResTime" : 2074.0,
    "pct3ResTime" : 2074.0,
    "throughput" : 0.13767657020128315,
    "receivedKBytesPerSec" : 0.25526634392984004,
    "sentKBytesPerSec" : 0.41571870611559325
  },
  "updateProfile" : {
    "transaction" : "updateProfile",
    "sampleCount" : 4,
    "errorCount" : 1,
    "errorPct" : 25.0,
    "meanResTime" : 2234.75,
    "medianResTime" : 539.5,
    "minResTime" : 503.0,
    "maxResTime" : 7357.0,
    "pct1ResTime" : 7357.0,
    "pct2ResTime" : 7357.0,
    "pct3ResTime" : 7357.0,
    "throughput" : 0.11523060524875407,
    "receivedKBytesPerSec" : 6.366687867297554,
    "sentKBytesPerSec" : 0.38395197764526257
  },
  "getUser" : {
    "transaction" : "getUser",
    "sampleCount" : 5,
    "errorCount" : 0,
    "errorPct" : 0.0,
    "meanResTime" : 861.8,
    "medianResTime" : 888.0,
    "minResTime" : 742.0,
    "maxResTime" : 946.0,
    "pct1ResTime" : 946.0,
    "pct2ResTime" : 946.0,
    "pct3ResTime" : 946.0,
    "throughput" : 0.14249886000911993,
    "receivedKBytesPerSec" : 0.10105729701037391,
    "sentKBytesPerSec" : 0.43361957791837663
  },
  "DASHBOARD_USER" : {
    "transaction" : "DASHBOARD_USER",
    "sampleCount" : 5,
    "errorCount" : 0,
    "errorPct" : 0.0,
    "meanResTime" : 987.6,
    "medianResTime" : 965.0,
    "minResTime" : 808.0,
    "maxResTime" : 1322.0,
    "pct1ResTime" : 1322.0,
    "pct2ResTime" : 1322.0,
    "pct3ResTime" : 1322.0,
    "throughput" : 0.13667176907937895,
    "receivedKBytesPerSec" : 0.16301845581401705,
    "sentKBytesPerSec" : 0.49757065930461397
  },
  "RTPhases" : {
    "transaction" : "RTPhases",
    "sampleCount" : 13,
    "errorCount" : 6,
    "errorPct" : 46.153847,
    "meanResTime" : 13107.692307692309,
    "medianResTime" : 4117.0,
    "minResTime" : 1269.0,
    "maxResTime" : 39199.0,
    "pct1ResTime" : 38486.6,
    "pct2ResTime" : 39199.0,
    "pct3ResTime" : 39199.0,
    "throughput" : 0.22069433834139718,
    "receivedKBytesPerSec" : 21.874966842797726,
    "sentKBytesPerSec" : 0.6478585752482812
  },
  "myActionStatus" : {
    "transaction" : "myActionStatus",
    "sampleCount" : 8,
    "errorCount" : 4,
    "errorPct" : 50.0,
    "meanResTime" : 9240.25,
    "medianResTime" : 3829.0,
    "minResTime" : 584.0,
    "maxResTime" : 24191.0,
    "pct1ResTime" : 24191.0,
    "pct2ResTime" : 24191.0,
    "pct3ResTime" : 24191.0,
    "throughput" : 0.19326939337569154,
    "receivedKBytesPerSec" : 20.862525064624453,
    "sentKBytesPerSec" : 0.6109502210518687
  },
  "getUnreadNotificationCount" : {
    "transaction" : "getUnreadNotificationCount",
    "sampleCount" : 5,
    "errorCount" : 0,
    "errorPct" : 0.0,
    "meanResTime" : 398.2,
    "medianResTime" : 394.0,
    "minResTime" : 349.0,
    "maxResTime" : 478.0,
    "pct1ResTime" : 478.0,
    "pct2ResTime" : 478.0,
    "pct3ResTime" : 478.0,
    "throughput" : 0.14434596841710212,
    "receivedKBytesPerSec" : 0.11809868392563294,
    "sentKBytesPerSec" : 0.42584879940240766
  },
  "Total" : {
    "transaction" : "Total",
    "sampleCount" : 93,
    "errorCount" : 40,
    "errorPct" : 43.010754,
    "meanResTime" : 6607.247311827955,
    "medianResTime" : 1321.0,
    "minResTime" : 349.0,
    "maxResTime" : 45683.0,
    "pct1ResTime" : 18619.800000000017,
    "pct2ResTime" : 26910.399999999987,
    "pct3ResTime" : 45683.0,
    "throughput" : 1.3178591166092761,
    "receivedKBytesPerSec" : 116.57906678658476,
    "sentKBytesPerSec" : 4.284647384120506
  },
  "me" : {
    "transaction" : "me",
    "sampleCount" : 13,
    "errorCount" : 8,
    "errorPct" : 61.53846,
    "meanResTime" : 9475.615384615387,
    "medianResTime" : 12919.0,
    "minResTime" : 770.0,
    "maxResTime" : 23682.0,
    "pct1ResTime" : 20858.799999999996,
    "pct2ResTime" : 23682.0,
    "pct3ResTime" : 23682.0,
    "throughput" : 0.23678985810823117,
    "receivedKBytesPerSec" : 32.000836591091236,
    "sentKBytesPerSec" : 0.7765042417260158
  },
  "RTCycle" : {
    "transaction" : "RTCycle",
    "sampleCount" : 13,
    "errorCount" : 7,
    "errorPct" : 53.846153,
    "meanResTime" : 8556.615384615383,
    "medianResTime" : 2095.0,
    "minResTime" : 525.0,
    "maxResTime" : 45683.0,
    "pct1ResTime" : 34379.399999999994,
    "pct2ResTime" : 45683.0,
    "pct3ResTime" : 45683.0,
    "throughput" : 0.22982815925323527,
    "receivedKBytesPerSec" : 26.400542969026237,
    "sentKBytesPerSec" : 0.6950955168039743
  },
  "myActions" : {
    "transaction" : "myActions",
    "sampleCount" : 8,
    "errorCount" : 5,
    "errorPct" : 62.5,
    "meanResTime" : 5993.75,
    "medianResTime" : 5643.0,
    "minResTime" : 513.0,
    "maxResTime" : 14008.0,
    "pct1ResTime" : 14008.0,
    "pct2ResTime" : 14008.0,
    "pct3ResTime" : 14008.0,
    "throughput" : 0.19136009185284408,
    "receivedKBytesPerSec" : 25.52916951962637,
    "sentKBytesPerSec" : 0.5862271563890351
  },
  "getUserData" : {
    "transaction" : "getUserData",
    "sampleCount" : 3,
    "errorCount" : 0,
    "errorPct" : 0.0,
    "meanResTime" : 913.0,
    "medianResTime" : 980.0,
    "minResTime" : 772.0,
    "maxResTime" : 987.0,
    "pct1ResTime" : 987.0,
    "pct2ResTime" : 987.0,
    "pct3ResTime" : 987.0,
    "throughput" : 0.12833675564681726,
    "receivedKBytesPerSec" : 0.15912587964151265,
    "sentKBytesPerSec" : 0.5207414255005133
  },
  "GET_SELF_ASSESSMENT" : {
    "transaction" : "GET_SELF_ASSESSMENT",
    "sampleCount" : 11,
    "errorCount" : 7,
    "errorPct" : 63.636364,
    "meanResTime" : 5419.090909090909,
    "medianResTime" : 6482.0,
    "minResTime" : 546.0,
    "maxResTime" : 10637.0,
    "pct1ResTime" : 10566.0,
    "pct2ResTime" : 10637.0,
    "pct3ResTime" : 10637.0,
    "throughput" : 0.23026040358368918,
    "receivedKBytesPerSec" : 31.602034304875243,
    "sentKBytesPerSec" : 0.9145205677488906
  }
}