{
  "getUserOrganisationList" : {
    "transaction" : "getUserOrganisationList",
    "sampleCount" : 5,
    "errorCount" : 1,
    "errorPct" : 20.0,
    "meanResTime" : 798.4,
    "medianResTime" : 737.0,
    "minResTime" : 717.0,
    "maxResTime" : 1051.0,
    "pct1ResTime" : 1051.0,
    "pct2ResTime" : 1051.0,
    "pct3ResTime" : 1051.0,
    "throughput" : 0.23183567487364956,
    "receivedKBytesPerSec" : 0.5267469542588213,
    "sentKBytesPerSec" : 0.7000350651458246
  },
  "updateProfile" : {
    "transaction" : "updateProfile",
    "sampleCount" : 5,
    "errorCount" : 4,
    "errorPct" : 80.0,
    "meanResTime" : 10419.6,
    "medianResTime" : 10628.0,
    "minResTime" : 828.0,
    "maxResTime" : 16976.0,
    "pct1ResTime" : 16976.0,
    "pct2ResTime" : 16976.0,
    "pct3ResTime" : 16976.0,
    "throughput" : 0.15679879578524836,
    "receivedKBytesPerSec" : 27.339554407222153,
    "sentKBytesPerSec" : 0.5224584875188159
  },
  "getUser" : {
    "transaction" : "getUser",
    "sampleCount" : 5,
    "errorCount" : 0,
    "errorPct" : 0.0,
    "meanResTime" : 818.0,
    "medianResTime" : 784.0,
    "minResTime" : 744.0,
    "maxResTime" : 897.0,
    "pct1ResTime" : 897.0,
    "pct2ResTime" : 897.0,
    "pct3ResTime" : 897.0,
    "throughput" : 0.22700444928720603,
    "receivedKBytesPerSec" : 0.1508781525242895,
    "sentKBytesPerSec" : 0.6907674452919277
  },
  "DASHBOARD_USER" : {
    "transaction" : "DASHBOARD_USER",
    "sampleCount" : 5,
    "errorCount" : 0,
    "errorPct" : 0.0,
    "meanResTime" : 891.8,
    "medianResTime" : 827.0,
    "minResTime" : 740.0,
    "maxResTime" : 1214.0,
    "pct1ResTime" : 1214.0,
    "pct2ResTime" : 1214.0,
    "pct3ResTime" : 1214.0,
    "throughput" : 0.23045722713864306,
    "receivedKBytesPerSec" : 0.20889687327157078,
    "sentKBytesPerSec" : 0.8390083425516224
  },
  "RTPhases" : {
    "transaction" : "RTPhases",
    "sampleCount" : 23,
    "errorCount" : 17,
    "errorPct" : 73.91304,
    "meanResTime" : 13643.260869565218,
    "medianResTime" : 9527.0,
    "minResTime" : 1491.0,
    "maxResTime" : 39019.0,
    "pct1ResTime" : 30944.600000000006,
    "pct2ResTime" : 37715.39999999998,
    "pct3ResTime" : 39019.0,
    "throughput" : 0.3464064100247003,
    "receivedKBytesPerSec" : 54.524004175703354,
    "sentKBytesPerSec" : 1.0168922544279775
  },
  "myActionStatus" : {
    "transaction" : "myActionStatus",
    "sampleCount" : 10,
    "errorCount" : 7,
    "errorPct" : 70.0,
    "meanResTime" : 6972.0,
    "medianResTime" : 7448.0,
    "minResTime" : 597.0,
    "maxResTime" : 14051.0,
    "pct1ResTime" : 13970.6,
    "pct2ResTime" : 14051.0,
    "pct3ResTime" : 14051.0,
    "throughput" : 0.290065264684554,
    "receivedKBytesPerSec" : 43.64051735859318,
    "sentKBytesPerSec" : 0.9169348259608412
  },
  "getUnreadNotificationCount" : {
    "transaction" : "getUnreadNotificationCount",
    "sampleCount" : 5,
    "errorCount" : 0,
    "errorPct" : 0.0,
    "meanResTime" : 677.0,
    "medianResTime" : 452.0,
    "minResTime" : 428.0,
    "maxResTime" : 1035.0,
    "pct1ResTime" : 1035.0,
    "pct2ResTime" : 1035.0,
    "pct3ResTime" : 1035.0,
    "throughput" : 0.23199703043801037,
    "receivedKBytesPerSec" : 0.21500506043522644,
    "sentKBytesPerSec" : 0.6844365517121381
  },
  "Total" : {
    "transaction" : "Total",
    "sampleCount" : 123,
    "errorCount" : 68,
    "errorPct" : 55.284554,
    "meanResTime" : 9193.121951219511,
    "medianResTime" : 6398.0,
    "minResTime" : 428.0,
    "maxResTime" : 39019.0,
    "pct1ResTime" : 23349.800000000003,
    "pct2ResTime" : 28225.799999999996,
    "pct3ResTime" : 37858.60000000003,
    "throughput" : 1.8494015757502857,
    "receivedKBytesPerSec" : 218.14207853754436,
    "sentKBytesPerSec" : 5.991745706343599
  },
  "me" : {
    "transaction" : "me",
    "sampleCount" : 21,
    "errorCount" : 12,
    "errorPct" : 57.142857,
    "meanResTime" : 10179.666666666668,
    "medianResTime" : 6681.0,
    "minResTime" : 908.0,
    "maxResTime" : 24718.0,
    "pct1ResTime" : 23028.2,
    "pct2ResTime" : 24570.8,
    "pct3ResTime" : 24718.0,
    "throughput" : 0.34475399340042356,
    "receivedKBytesPerSec" : 43.80698765554972,
    "sentKBytesPerSec" : 1.1305506932017797
  },
  "RTCycle" : {
    "transaction" : "RTCycle",
    "sampleCount" : 21,
    "errorCount" : 16,
    "errorPct" : 76.190475,
    "meanResTime" : 14104.333333333334,
    "medianResTime" : 10091.0,
    "minResTime" : 591.0,
    "maxResTime" : 34184.0,
    "pct1ResTime" : 30670.800000000003,
    "pct2ResTime" : 33887.6,
    "pct3ResTime" : 34184.0,
    "throughput" : 0.3948852952237683,
    "receivedKBytesPerSec" : 64.2402938722264,
    "sentKBytesPerSec" : 1.194296639949229
  },
  "myActions" : {
    "transaction" : "myActions",
    "sampleCount" : 5,
    "errorCount" : 0,
    "errorPct" : 0.0,
    "meanResTime" : 599.2,
    "medianResTime" : 579.0,
    "minResTime" : 531.0,
    "maxResTime" : 725.0,
    "pct1ResTime" : 725.0,
    "pct2ResTime" : 725.0,
    "pct3ResTime" : 725.0,
    "throughput" : 0.23273133494693726,
    "receivedKBytesPerSec" : 0.18477595245298825,
    "sentKBytesPerSec" : 0.7129669899692794
  },
  "getUserData" : {
    "transaction" : "getUserData",
    "sampleCount" : 3,
    "errorCount" : 0,
    "errorPct" : 0.0,
    "meanResTime" : 1015.3333333333334,
    "medianResTime" : 1011.0,
    "minResTime" : 767.0,
    "maxResTime" : 1268.0,
    "pct1ResTime" : 1268.0,
    "pct2ResTime" : 1268.0,
    "pct3ResTime" : 1268.0,
    "throughput" : 0.30577922739781876,
    "receivedKBytesPerSec" : 0.3791383714707981,
    "sentKBytesPerSec" : 1.2407350486698603
  },
  "GET_SELF_ASSESSMENT" : {
    "transaction" : "GET_SELF_ASSESSMENT",
    "sampleCount" : 15,
    "errorCount" : 11,
    "errorPct" : 73.333336,
    "meanResTime" : 10880.599999999999,
    "medianResTime" : 12437.0,
    "minResTime" : 692.0,
    "maxResTime" : 23419.0,
    "pct1ResTime" : 21145.0,
    "pct2ResTime" : 23419.0,
    "pct3ResTime" : 23419.0,
    "throughput" : 0.2522237729313447,
    "receivedKBytesPerSec" : 40.27936475866389,
    "sentKBytesPerSec" : 1.001752035656034
  }
}